Epoch,Train Loss,Test AUC-ROC,Test AUC-PR,Test Log Prob
0,-1.9304718124866485,0.5129934068465148,0.45018552126895256,-1197.8130199642922
1,-2.120078543424606,0.49832579967178187,0.4562072033893335,-1190.1079514761832
2,-2.138335212469101,0.5569818328390868,0.5271109480231944,-1150.4031380832516
3,-2.1722167360782625,0.5008406990470158,0.45275669397309537,-1184.2555063143209
4,-2.1752515733242035,0.5643840152016814,0.5261589675145455,-1153.7856324940317
5,-2.1550311625003813,0.5296929433103964,0.4844601453072726,-1162.5559075881433
6,-2.159000188112259,0.5413554832579968,0.4933455412359665,-1154.4987274817267
7,-2.1655833423137665,0.500212334091498,0.4558583612175052,-1174.6257632365455
8,-2.1723848259449006,0.5688610255376731,0.5263596306361837,-1149.4737025104498
9,-2.1755965685844423,0.526199867561109,0.46458301220139286,-1164.1990374218312
